﻿Series Name,Series Code,Country Name,Country Code,2000 [YR2000]
CO2 emissions (metric tons per capita),EN.ATM.CO2E.PC,Afghanistan,AFG,0.0392721224407343
CO2 emissions (metric tons per capita),EN.ATM.CO2E.PC,Albania,ALB,0.978174680894664
CO2 emissions (metric tons per capita),EN.ATM.CO2E.PC,Algeria,DZA,2.81977800680087
CO2 emissions (metric tons per capita),EN.ATM.CO2E.PC,American Samoa,ASM,..
CO2 emissions (metric tons per capita),EN.ATM.CO2E.PC,Andorra,ADO,8.018180706127
CO2 emissions (metric tons per capita),EN.ATM.CO2E.PC,Angola,AGO,0.633625298649187
CO2 emissions (metric tons per capita),EN.ATM.CO2E.PC,Antigua and Barbuda,ATG,4.43923861528951
CO2 emissions (metric tons per capita),EN.ATM.CO2E.PC,Argentina,ARG,3.83557356194987
CO2 emissions (metric tons per capita),EN.ATM.CO2E.PC,Armenia,ARM,1.12652945387306
CO2 emissions (metric tons per capita),EN.ATM.CO2E.PC,Aruba,ABW,25.5476787954831
CO2 emissions (metric tons per capita),EN.ATM.CO2E.PC,Australia,AUS,17.2006098261369
CO2 emissions (metric tons per capita),EN.ATM.CO2E.PC,Austria,AUT,7.7554934952792
CO2 emissions (metric tons per capita),EN.ATM.CO2E.PC,Azerbaijan,AZE,3.66627102850185
CO2 emissions (metric tons per capita),EN.ATM.CO2E.PC,"Bahamas, The",BHS,5.60099163788097
CO2 emissions (metric tons per capita),EN.ATM.CO2E.PC,Bahrain,BHR,27.9566442479999
CO2 emissions (metric tons per capita),EN.ATM.CO2E.PC,Bangladesh,BGD,0.21228704387473
CO2 emissions (metric tons per capita),EN.ATM.CO2E.PC,Barbados,BRB,4.40304182509506
CO2 emissions (metric tons per capita),EN.ATM.CO2E.PC,Belarus,BLR,5.37606756621689
CO2 emissions (metric tons per capita),EN.ATM.CO2E.PC,Belgium,BEL,11.2296676990611
CO2 emissions (metric tons per capita),EN.ATM.CO2E.PC,Belize,BLZ,1.67549896487029
CO2 emissions (metric tons per capita),EN.ATM.CO2E.PC,Benin,BEN,0.230065879391012
CO2 emissions (metric tons per capita),EN.ATM.CO2E.PC,Bermuda,BMU,7.53172254297867
CO2 emissions (metric tons per capita),EN.ATM.CO2E.PC,Bhutan,BTN,0.701958747720171
CO2 emissions (metric tons per capita),EN.ATM.CO2E.PC,Bolivia,BOL,1.22592257196824
CO2 emissions (metric tons per capita),EN.ATM.CO2E.PC,Bosnia and Herzegovina,BIH,3.63521315476005
CO2 emissions (metric tons per capita),EN.ATM.CO2E.PC,Botswana,BWA,2.17708321936405
CO2 emissions (metric tons per capita),EN.ATM.CO2E.PC,Brazil,BRA,1.86580837597139
CO2 emissions (metric tons per capita),EN.ATM.CO2E.PC,British Virgin Islands,VGB,4.97388945405222
CO2 emissions (metric tons per capita),EN.ATM.CO2E.PC,Brunei Darussalam,BRN,14.2551443939568
CO2 emissions (metric tons per capita),EN.ATM.CO2E.PC,Bulgaria,BGR,5.32803434248386
CO2 emissions (metric tons per capita),EN.ATM.CO2E.PC,Burkina Faso,BFA,0.0897168352983095
CO2 emissions (metric tons per capita),EN.ATM.CO2E.PC,Burundi,BDI,0.0428092027380228
CO2 emissions (metric tons per capita),EN.ATM.CO2E.PC,Cabo Verde,CPV,0.426262202640762
CO2 emissions (metric tons per capita),EN.ATM.CO2E.PC,Cambodia,KHM,0.162037087516258
CO2 emissions (metric tons per capita),EN.ATM.CO2E.PC,Cameroon,CMR,0.215493084286489
CO2 emissions (metric tons per capita),EN.ATM.CO2E.PC,Canada,CAN,17.3704516131129
CO2 emissions (metric tons per capita),EN.ATM.CO2E.PC,Cayman Islands,CYM,11.2600695693895
CO2 emissions (metric tons per capita),EN.ATM.CO2E.PC,Central African Republic,CAF,0.0718431431908553
CO2 emissions (metric tons per capita),EN.ATM.CO2E.PC,Chad,TCD,0.0210966352607073
CO2 emissions (metric tons per capita),EN.ATM.CO2E.PC,Channel Islands,CHI,..
CO2 emissions (metric tons per capita),EN.ATM.CO2E.PC,Chile,CHL,3.87696193907248
CO2 emissions (metric tons per capita),EN.ATM.CO2E.PC,China,CHN,2.69686243322549
CO2 emissions (metric tons per capita),EN.ATM.CO2E.PC,Colombia,COL,1.43362020538631
CO2 emissions (metric tons per capita),EN.ATM.CO2E.PC,Comoros,COM,0.153992360725658
CO2 emissions (metric tons per capita),EN.ATM.CO2E.PC,"Congo, Dem. Rep.",ZAR,0.0169426979280839
CO2 emissions (metric tons per capita),EN.ATM.CO2E.PC,"Congo, Rep.",COG,0.337301790227864
CO2 emissions (metric tons per capita),EN.ATM.CO2E.PC,Costa Rica,CRI,1.39470149919118
CO2 emissions (metric tons per capita),EN.ATM.CO2E.PC,Cote d'Ivoire,CIV,0.411145742800498
CO2 emissions (metric tons per capita),EN.ATM.CO2E.PC,Croatia,HRV,4.39194916403073
CO2 emissions (metric tons per capita),EN.ATM.CO2E.PC,Cuba,CUB,2.34630482710517
CO2 emissions (metric tons per capita),EN.ATM.CO2E.PC,Curacao,CUW,..
CO2 emissions (metric tons per capita),EN.ATM.CO2E.PC,Cyprus,CYP,7.34731847253275
CO2 emissions (metric tons per capita),EN.ATM.CO2E.PC,Czech Republic,CZE,12.0768890449527
CO2 emissions (metric tons per capita),EN.ATM.CO2E.PC,Denmark,DNK,9.61317555419716
CO2 emissions (metric tons per capita),EN.ATM.CO2E.PC,Djibouti,DJI,0.471974723276342
CO2 emissions (metric tons per capita),EN.ATM.CO2E.PC,Dominica,DMA,1.47355731282022
CO2 emissions (metric tons per capita),EN.ATM.CO2E.PC,Dominican Republic,DOM,2.31130098802668
CO2 emissions (metric tons per capita),EN.ATM.CO2E.PC,Ecuador,ECU,1.64060597076666
CO2 emissions (metric tons per capita),EN.ATM.CO2E.PC,"Egypt, Arab Rep.",EGY,2.06814043277005
CO2 emissions (metric tons per capita),EN.ATM.CO2E.PC,El Salvador,SLV,0.98807364832731
CO2 emissions (metric tons per capita),EN.ATM.CO2E.PC,Equatorial Guinea,GNQ,0.856491666917815
CO2 emissions (metric tons per capita),EN.ATM.CO2E.PC,Eritrea,ERI,0.172190986762677
CO2 emissions (metric tons per capita),EN.ATM.CO2E.PC,Estonia,EST,10.6362516419289
CO2 emissions (metric tons per capita),EN.ATM.CO2E.PC,Ethiopia,ETH,0.0534235929379086
CO2 emissions (metric tons per capita),EN.ATM.CO2E.PC,Faroe Islands,FRO,14.8285904798778
CO2 emissions (metric tons per capita),EN.ATM.CO2E.PC,Fiji,FJI,1.06679914154308
CO2 emissions (metric tons per capita),EN.ATM.CO2E.PC,Finland,FIN,10.1284741400511
CO2 emissions (metric tons per capita),EN.ATM.CO2E.PC,France,FRA,5.9444382169321
CO2 emissions (metric tons per capita),EN.ATM.CO2E.PC,French Polynesia,PYF,2.39555016078932
CO2 emissions (metric tons per capita),EN.ATM.CO2E.PC,Gabon,GAB,3.8112684199073
CO2 emissions (metric tons per capita),EN.ATM.CO2E.PC,"Gambia, The",GMB,0.223804443619834
CO2 emissions (metric tons per capita),EN.ATM.CO2E.PC,Georgia,GEO,1.0266570853043
CO2 emissions (metric tons per capita),EN.ATM.CO2E.PC,Germany,DEU,10.0956398829225
CO2 emissions (metric tons per capita),EN.ATM.CO2E.PC,Ghana,GHA,0.334072085228819
CO2 emissions (metric tons per capita),EN.ATM.CO2E.PC,Gibraltar,GIB,12.2005411136704
CO2 emissions (metric tons per capita),EN.ATM.CO2E.PC,Greece,GRC,8.47843382003456
CO2 emissions (metric tons per capita),EN.ATM.CO2E.PC,Greenland,GRL,9.46112099644128
CO2 emissions (metric tons per capita),EN.ATM.CO2E.PC,Grenada,GRD,1.8764416453454
CO2 emissions (metric tons per capita),EN.ATM.CO2E.PC,Guam,GUM,..
CO2 emissions (metric tons per capita),EN.ATM.CO2E.PC,Guatemala,GTM,0.848306649350738
CO2 emissions (metric tons per capita),EN.ATM.CO2E.PC,Guinea,GIN,0.145443686986208
CO2 emissions (metric tons per capita),EN.ATM.CO2E.PC,Guinea-Bissau,GNB,0.111505144607759
CO2 emissions (metric tons per capita),EN.ATM.CO2E.PC,Guyana,GUY,2.16892206871835
CO2 emissions (metric tons per capita),EN.ATM.CO2E.PC,Haiti,HTI,0.159990488001102
CO2 emissions (metric tons per capita),EN.ATM.CO2E.PC,Honduras,HND,0.805872101590881
CO2 emissions (metric tons per capita),EN.ATM.CO2E.PC,"Hong Kong SAR, China",HKG,6.06746826706677
CO2 emissions (metric tons per capita),EN.ATM.CO2E.PC,Hungary,HUN,5.46586020075858
CO2 emissions (metric tons per capita),EN.ATM.CO2E.PC,Iceland,ISL,7.69378211624971
CO2 emissions (metric tons per capita),EN.ATM.CO2E.PC,India,IND,0.97947033926396
CO2 emissions (metric tons per capita),EN.ATM.CO2E.PC,Indonesia,IDN,1.24524161877937
CO2 emissions (metric tons per capita),EN.ATM.CO2E.PC,"Iran, Islamic Rep.",IRN,5.65647443126173
CO2 emissions (metric tons per capita),EN.ATM.CO2E.PC,Iraq,IRQ,3.0730017890751
CO2 emissions (metric tons per capita),EN.ATM.CO2E.PC,Ireland,IRL,10.8347426425178
CO2 emissions (metric tons per capita),EN.ATM.CO2E.PC,Isle of Man,IMY,..
CO2 emissions (metric tons per capita),EN.ATM.CO2E.PC,Israel,ISR,9.58177945619335
CO2 emissions (metric tons per capita),EN.ATM.CO2E.PC,Italy,ITA,7.912673166227
CO2 emissions (metric tons per capita),EN.ATM.CO2E.PC,Jamaica,JAM,3.98083756438295
CO2 emissions (metric tons per capita),EN.ATM.CO2E.PC,Japan,JPN,9.62235162366075
CO2 emissions (metric tons per capita),EN.ATM.CO2E.PC,Jordan,JOR,3.25282036029127
CO2 emissions (metric tons per capita),EN.ATM.CO2E.PC,Kazakhstan,KAZ,7.93485418136683
CO2 emissions (metric tons per capita),EN.ATM.CO2E.PC,Kenya,KEN,0.335350781019139
CO2 emissions (metric tons per capita),EN.ATM.CO2E.PC,Kiribati,KIR,0.391003009264744
CO2 emissions (metric tons per capita),EN.ATM.CO2E.PC,"Korea, Dem. People’s Rep.",PRK,3.04997084528703
CO2 emissions (metric tons per capita),EN.ATM.CO2E.PC,"Korea, Rep.",KOR,9.52093176005307
CO2 emissions (metric tons per capita),EN.ATM.CO2E.PC,Kosovo,KSV,..
CO2 emissions (metric tons per capita),EN.ATM.CO2E.PC,Kuwait,KWT,27.7590229441245
CO2 emissions (metric tons per capita),EN.ATM.CO2E.PC,Kyrgyz Republic,KGZ,0.946245304589254
CO2 emissions (metric tons per capita),EN.ATM.CO2E.PC,Lao PDR,LAO,0.17570152721033
CO2 emissions (metric tons per capita),EN.ATM.CO2E.PC,Latvia,LVA,2.68262296466812
CO2 emissions (metric tons per capita),EN.ATM.CO2E.PC,Lebanon,LBN,4.71270329914879
CO2 emissions (metric tons per capita),EN.ATM.CO2E.PC,Lesotho,LSO,..
CO2 emissions (metric tons per capita),EN.ATM.CO2E.PC,Liberia,LBR,0.147087381326488
CO2 emissions (metric tons per capita),EN.ATM.CO2E.PC,Libya,LBY,8.82729728190324
CO2 emissions (metric tons per capita),EN.ATM.CO2E.PC,Liechtenstein,LIE,..
CO2 emissions (metric tons per capita),EN.ATM.CO2E.PC,Lithuania,LTU,3.47572906808217
CO2 emissions (metric tons per capita),EN.ATM.CO2E.PC,Luxembourg,LUX,18.8855122622049
CO2 emissions (metric tons per capita),EN.ATM.CO2E.PC,"Macao SAR, China",MAC,3.78665314523729
CO2 emissions (metric tons per capita),EN.ATM.CO2E.PC,"Macedonia, FYR",MKD,5.99608558629975
CO2 emissions (metric tons per capita),EN.ATM.CO2E.PC,Madagascar,MDG,0.119012987834532
CO2 emissions (metric tons per capita),EN.ATM.CO2E.PC,Malawi,MWI,0.0799365330650759
CO2 emissions (metric tons per capita),EN.ATM.CO2E.PC,Malaysia,MYS,5.36849121533293
CO2 emissions (metric tons per capita),EN.ATM.CO2E.PC,Maldives,MDV,1.57706643356643
CO2 emissions (metric tons per capita),EN.ATM.CO2E.PC,Mali,MLI,0.0743562507796287
CO2 emissions (metric tons per capita),EN.ATM.CO2E.PC,Malta,MLT,5.41353251364186
CO2 emissions (metric tons per capita),EN.ATM.CO2E.PC,Marshall Islands,MHL,1.47633289239087
CO2 emissions (metric tons per capita),EN.ATM.CO2E.PC,Mauritania,MRT,0.432776761705394
CO2 emissions (metric tons per capita),EN.ATM.CO2E.PC,Mauritius,MUS,2.2677893927994
CO2 emissions (metric tons per capita),EN.ATM.CO2E.PC,Mexico,MEX,3.72058829909057
CO2 emissions (metric tons per capita),EN.ATM.CO2E.PC,"Micronesia, Fed. Sts.",FSM,1.2629526203109
CO2 emissions (metric tons per capita),EN.ATM.CO2E.PC,Moldova,MDA,0.965214232804117
CO2 emissions (metric tons per capita),EN.ATM.CO2E.PC,Monaco,MCO,..
CO2 emissions (metric tons per capita),EN.ATM.CO2E.PC,Mongolia,MNG,3.13098774608561
CO2 emissions (metric tons per capita),EN.ATM.CO2E.PC,Montenegro,MNE,..
CO2 emissions (metric tons per capita),EN.ATM.CO2E.PC,Morocco,MAR,1.17113762904633
CO2 emissions (metric tons per capita),EN.ATM.CO2E.PC,Mozambique,MOZ,0.0738839464632444
CO2 emissions (metric tons per capita),EN.ATM.CO2E.PC,Myanmar,MMR,0.211620751599268
CO2 emissions (metric tons per capita),EN.ATM.CO2E.PC,Namibia,NAM,0.865572540521288
CO2 emissions (metric tons per capita),EN.ATM.CO2E.PC,Nauru,NRU,8.39882493527186
CO2 emissions (metric tons per capita),EN.ATM.CO2E.PC,Nepal,NPL,0.129286447070985
CO2 emissions (metric tons per capita),EN.ATM.CO2E.PC,Netherlands,NLD,10.3830897629483
CO2 emissions (metric tons per capita),EN.ATM.CO2E.PC,New Caledonia,NCL,10.4732120245744
CO2 emissions (metric tons per capita),EN.ATM.CO2E.PC,New Zealand,NZL,8.54939419861576
CO2 emissions (metric tons per capita),EN.ATM.CO2E.PC,Nicaragua,NIC,0.748457863384839
CO2 emissions (metric tons per capita),EN.ATM.CO2E.PC,Niger,NER,0.0620721254702761
CO2 emissions (metric tons per capita),EN.ATM.CO2E.PC,Nigeria,NGA,0.644308605137525
CO2 emissions (metric tons per capita),EN.ATM.CO2E.PC,Northern Mariana Islands,MNP,..
CO2 emissions (metric tons per capita),EN.ATM.CO2E.PC,Norway,NOR,8.83401570307687
CO2 emissions (metric tons per capita),EN.ATM.CO2E.PC,Oman,OMN,9.77745274075278
CO2 emissions (metric tons per capita),EN.ATM.CO2E.PC,Pakistan,PAK,0.769974452241893
CO2 emissions (metric tons per capita),EN.ATM.CO2E.PC,Palau,PLW,5.92870553875039
CO2 emissions (metric tons per capita),EN.ATM.CO2E.PC,Panama,PAN,1.91174282732387
CO2 emissions (metric tons per capita),EN.ATM.CO2E.PC,Papua New Guinea,PNG,0.496070655079381
CO2 emissions (metric tons per capita),EN.ATM.CO2E.PC,Paraguay,PRY,0.695683314717041
CO2 emissions (metric tons per capita),EN.ATM.CO2E.PC,Peru,PER,1.16908740636411
CO2 emissions (metric tons per capita),EN.ATM.CO2E.PC,Philippines,PHL,0.940650370314615
CO2 emissions (metric tons per capita),EN.ATM.CO2E.PC,Poland,POL,7.82279832871167
CO2 emissions (metric tons per capita),EN.ATM.CO2E.PC,Portugal,PRT,6.09640338514531
CO2 emissions (metric tons per capita),EN.ATM.CO2E.PC,Puerto Rico,PRI,..
CO2 emissions (metric tons per capita),EN.ATM.CO2E.PC,Qatar,QAT,58.5221694051593
CO2 emissions (metric tons per capita),EN.ATM.CO2E.PC,Romania,ROM,4.04051865503903
CO2 emissions (metric tons per capita),EN.ATM.CO2E.PC,Russian Federation,RUS,10.6271205332605
CO2 emissions (metric tons per capita),EN.ATM.CO2E.PC,Rwanda,RWA,0.0658260070120763
CO2 emissions (metric tons per capita),EN.ATM.CO2E.PC,Samoa,WSM,0.798023068024328
CO2 emissions (metric tons per capita),EN.ATM.CO2E.PC,San Marino,SMR,..
CO2 emissions (metric tons per capita),EN.ATM.CO2E.PC,Sao Tome and Principe,STP,0.347547461433029
CO2 emissions (metric tons per capita),EN.ATM.CO2E.PC,Saudi Arabia,SAU,13.8804943728981
CO2 emissions (metric tons per capita),EN.ATM.CO2E.PC,Senegal,SEN,0.399404375686699
CO2 emissions (metric tons per capita),EN.ATM.CO2E.PC,Serbia,SRB,..
CO2 emissions (metric tons per capita),EN.ATM.CO2E.PC,Seychelles,SYC,7.05096695467824
CO2 emissions (metric tons per capita),EN.ATM.CO2E.PC,Sierra Leone,SLE,0.104753135474618
CO2 emissions (metric tons per capita),EN.ATM.CO2E.PC,Singapore,SGP,12.1666243367801
CO2 emissions (metric tons per capita),EN.ATM.CO2E.PC,Sint Maarten (Dutch part),SXM,..
CO2 emissions (metric tons per capita),EN.ATM.CO2E.PC,Slovak Republic,SVK,6.65932948826437
CO2 emissions (metric tons per capita),EN.ATM.CO2E.PC,Slovenia,SVN,7.23840366026874
CO2 emissions (metric tons per capita),EN.ATM.CO2E.PC,Solomon Islands,SLB,0.355729308137053
CO2 emissions (metric tons per capita),EN.ATM.CO2E.PC,Somalia,SOM,0.0700091910868663
CO2 emissions (metric tons per capita),EN.ATM.CO2E.PC,South Africa,ZAF,8.60603229545454
CO2 emissions (metric tons per capita),EN.ATM.CO2E.PC,South Sudan,SSD,..
CO2 emissions (metric tons per capita),EN.ATM.CO2E.PC,Spain,ESP,7.31274002056865
CO2 emissions (metric tons per capita),EN.ATM.CO2E.PC,Sri Lanka,LKA,0.548821441972661
CO2 emissions (metric tons per capita),EN.ATM.CO2E.PC,St. Kitts and Nevis,KNA,4.02577727033199
CO2 emissions (metric tons per capita),EN.ATM.CO2E.PC,St. Lucia,LCA,2.10278498110851
CO2 emissions (metric tons per capita),EN.ATM.CO2E.PC,St. Martin (French part),MAF,..
CO2 emissions (metric tons per capita),EN.ATM.CO2E.PC,St. Vincent and the Grenadines,VCT,1.35944465555113
CO2 emissions (metric tons per capita),EN.ATM.CO2E.PC,Sudan,SDN,0.159133713745191
CO2 emissions (metric tons per capita),EN.ATM.CO2E.PC,Suriname,SUR,4.78253607376792
CO2 emissions (metric tons per capita),EN.ATM.CO2E.PC,Swaziland,SWZ,1.11694203804591
CO2 emissions (metric tons per capita),EN.ATM.CO2E.PC,Sweden,SWE,5.56243008285854
CO2 emissions (metric tons per capita),EN.ATM.CO2E.PC,Switzerland,CHE,5.43548498451474
CO2 emissions (metric tons per capita),EN.ATM.CO2E.PC,Syrian Arab Republic,SYR,3.12099895744479
CO2 emissions (metric tons per capita),EN.ATM.CO2E.PC,Tajikistan,TJK,0.361593119600036
CO2 emissions (metric tons per capita),EN.ATM.CO2E.PC,Tanzania,TZA,0.0779969692503352
CO2 emissions (metric tons per capita),EN.ATM.CO2E.PC,Thailand,THA,2.89138946888155
CO2 emissions (metric tons per capita),EN.ATM.CO2E.PC,Timor-Leste,TMP,..
CO2 emissions (metric tons per capita),EN.ATM.CO2E.PC,Togo,TGO,0.279083273244597
CO2 emissions (metric tons per capita),EN.ATM.CO2E.PC,Tonga,TON,0.973891192874216
CO2 emissions (metric tons per capita),EN.ATM.CO2E.PC,Trinidad and Tobago,TTO,18.8442814555435
CO2 emissions (metric tons per capita),EN.ATM.CO2E.PC,Tunisia,TUN,2.08561224810259
CO2 emissions (metric tons per capita),EN.ATM.CO2E.PC,Turkey,TUR,3.41794399719786
CO2 emissions (metric tons per capita),EN.ATM.CO2E.PC,Turkmenistan,TKM,8.339387868581
CO2 emissions (metric tons per capita),EN.ATM.CO2E.PC,Turks and Caicos Islands,TCA,0.77707141343505
CO2 emissions (metric tons per capita),EN.ATM.CO2E.PC,Tuvalu,TUV,..
CO2 emissions (metric tons per capita),EN.ATM.CO2E.PC,Uganda,UGA,0.060196645827893
CO2 emissions (metric tons per capita),EN.ATM.CO2E.PC,Ukraine,UKR,6.52561877529799
CO2 emissions (metric tons per capita),EN.ATM.CO2E.PC,United Arab Emirates,ARE,36.904101073791
CO2 emissions (metric tons per capita),EN.ATM.CO2E.PC,United Kingdom,GBR,9.19954923303155
CO2 emissions (metric tons per capita),EN.ATM.CO2E.PC,United States,USA,20.2076147591466
CO2 emissions (metric tons per capita),EN.ATM.CO2E.PC,Uruguay,URY,1.59763997926077
CO2 emissions (metric tons per capita),EN.ATM.CO2E.PC,Uzbekistan,UZB,4.9110225797553
CO2 emissions (metric tons per capita),EN.ATM.CO2E.PC,Vanuatu,VUT,0.455754412130251
CO2 emissions (metric tons per capita),EN.ATM.CO2E.PC,"Venezuela, RB",VEN,6.2260345648263
CO2 emissions (metric tons per capita),EN.ATM.CO2E.PC,Vietnam,VNM,0.691020495704674
CO2 emissions (metric tons per capita),EN.ATM.CO2E.PC,Virgin Islands (U.S.),VIR,..
CO2 emissions (metric tons per capita),EN.ATM.CO2E.PC,West Bank and Gaza,WBG,0.271057675624788
CO2 emissions (metric tons per capita),EN.ATM.CO2E.PC,"Yemen, Rep.",YEM,0.82261780537795
CO2 emissions (metric tons per capita),EN.ATM.CO2E.PC,Zambia,ZMB,0.172173936866688
CO2 emissions (metric tons per capita),EN.ATM.CO2E.PC,Zimbabwe,ZWE,1.11388961311221
,,,,
,,,,
,,,,
Data from database: World Development Indicators,,,,
Last Updated: 02/01/2017,,,,
