﻿Series Name,Series Code,Country Name,Country Code,1990 [YR1990],2010 [YR2010]
CO2 emissions (metric tons per capita),EN.ATM.CO2E.PC,Afghanistan,AFG,0.216660935051547,0.30293638839023
CO2 emissions (metric tons per capita),EN.ATM.CO2E.PC,Albania,ALB,1.61562395977292,1.57857358391855
CO2 emissions (metric tons per capita),EN.ATM.CO2E.PC,Algeria,DZA,3.00791101112967,3.30716434012848
CO2 emissions (metric tons per capita),EN.ATM.CO2E.PC,American Samoa,ASM,..,..
CO2 emissions (metric tons per capita),EN.ATM.CO2E.PC,Andorra,ADO,..,6.12477049005556
CO2 emissions (metric tons per capita),EN.ATM.CO2E.PC,Angola,AGO,0.459698486772401,1.36933887792594
CO2 emissions (metric tons per capita),EN.ATM.CO2E.PC,Antigua and Barbuda,ATG,4.85726747003521,6.01126867125973
CO2 emissions (metric tons per capita),EN.ATM.CO2E.PC,Arab World,ARB,3.18151246465484,4.67250581010026
CO2 emissions (metric tons per capita),EN.ATM.CO2E.PC,Argentina,ARG,3.44071080308001,4.55861174166042
CO2 emissions (metric tons per capita),EN.ATM.CO2E.PC,Armenia,ARM,..,1.42299837759187
CO2 emissions (metric tons per capita),EN.ATM.CO2E.PC,Aruba,ABW,27.8500353993692,24.182702245145
CO2 emissions (metric tons per capita),EN.ATM.CO2E.PC,Australia,AUS,15.4528816707784,16.9209536691366
CO2 emissions (metric tons per capita),EN.ATM.CO2E.PC,Austria,AUT,7.51324615615048,8.11059300734486
CO2 emissions (metric tons per capita),EN.ATM.CO2E.PC,Azerbaijan,AZE,..,3.38822587905988
CO2 emissions (metric tons per capita),EN.ATM.CO2E.PC,"Bahamas, The",BHS,7.61043622092706,6.82932128703268
CO2 emissions (metric tons per capita),EN.ATM.CO2E.PC,Bahrain,BHR,25.0581981030116,23.1011996172261
CO2 emissions (metric tons per capita),EN.ATM.CO2E.PC,Bangladesh,BGD,0.146564940293897,0.395682596524262
CO2 emissions (metric tons per capita),EN.ATM.CO2E.PC,Barbados,BRB,4.12649112430581,5.28605409813783
CO2 emissions (metric tons per capita),EN.ATM.CO2E.PC,Belarus,BLR,..,6.60253203371971
CO2 emissions (metric tons per capita),EN.ATM.CO2E.PC,Belgium,BEL,10.6396716729644,9.88942935240014
CO2 emissions (metric tons per capita),EN.ATM.CO2E.PC,Belize,BLZ,1.66191242961952,1.67610048226262
CO2 emissions (metric tons per capita),EN.ATM.CO2E.PC,Benin,BEN,0.141510228100017,0.535215995124187
CO2 emissions (metric tons per capita),EN.ATM.CO2E.PC,Bermuda,BMU,10.0133836766342,8.78404274921688
CO2 emissions (metric tons per capita),EN.ATM.CO2E.PC,Bhutan,BTN,0.239670964790245,0.677145031003296
CO2 emissions (metric tons per capita),EN.ATM.CO2E.PC,Bolivia,BOL,0.797982452788304,1.53287018015788
CO2 emissions (metric tons per capita),EN.ATM.CO2E.PC,Bosnia and Herzegovina,BIH,..,5.54745834569669
CO2 emissions (metric tons per capita),EN.ATM.CO2E.PC,Botswana,BWA,1.95865457228293,2.34220304312221
CO2 emissions (metric tons per capita),EN.ATM.CO2E.PC,Brazil,BRA,1.38893957419322,2.11341454484465
CO2 emissions (metric tons per capita),EN.ATM.CO2E.PC,British Virgin Islands,VGB,4.01032869554651,6.33100686919149
CO2 emissions (metric tons per capita),EN.ATM.CO2E.PC,Brunei Darussalam,BRN,24.1051883910189,20.8569470788351
CO2 emissions (metric tons per capita),EN.ATM.CO2E.PC,Bulgaria,BGR,8.69022430892117,5.96539604161881
CO2 emissions (metric tons per capita),EN.ATM.CO2E.PC,Burkina Faso,BFA,0.0661730582554849,0.125501325288673
CO2 emissions (metric tons per capita),EN.ATM.CO2E.PC,Burundi,BDI,0.0522630733844028,0.0224800094957075
CO2 emissions (metric tons per capita),EN.ATM.CO2E.PC,Cabo Verde,CPV,0.279385563916825,0.979603531146317
CO2 emissions (metric tons per capita),EN.ATM.CO2E.PC,Cambodia,KHM,0.164852784859698,0.348992862924342
CO2 emissions (metric tons per capita),EN.ATM.CO2E.PC,Cameroon,CMR,0.144002179222673,0.329289154610152
CO2 emissions (metric tons per capita),EN.ATM.CO2E.PC,Canada,CAN,15.6590703824979,14.485638610058
CO2 emissions (metric tons per capita),EN.ATM.CO2E.PC,Caribbean small states,CSS,5.30328664270394,9.59953105731374
CO2 emissions (metric tons per capita),EN.ATM.CO2E.PC,Cayman Islands,CYM,10.1172777799992,10.1734493505558
CO2 emissions (metric tons per capita),EN.ATM.CO2E.PC,Central African Republic,CAF,0.0674027650321734,0.0593983360528849
CO2 emissions (metric tons per capita),EN.ATM.CO2E.PC,Central Europe and the Baltics,CEB,8.85550014425402,6.8222521008204
CO2 emissions (metric tons per capita),EN.ATM.CO2E.PC,Chad,TCD,0.0246189087586451,0.0434625491115785
CO2 emissions (metric tons per capita),EN.ATM.CO2E.PC,Channel Islands,CHI,..,..
CO2 emissions (metric tons per capita),EN.ATM.CO2E.PC,Chile,CHL,2.53513301142468,4.24629428021596
CO2 emissions (metric tons per capita),EN.ATM.CO2E.PC,China,CHN,2.16770307659104,6.55441795762145
CO2 emissions (metric tons per capita),EN.ATM.CO2E.PC,Colombia,COL,1.67302588446287,1.65868335887845
CO2 emissions (metric tons per capita),EN.ATM.CO2E.PC,Comoros,COM,0.150162353303914,0.183692455220089
CO2 emissions (metric tons per capita),EN.ATM.CO2E.PC,"Congo, Dem. Rep.",ZAR,0.116420436467735,0.0301974506265758
CO2 emissions (metric tons per capita),EN.ATM.CO2E.PC,"Congo, Rep.",COG,0.497852264456202,0.473472225569701
CO2 emissions (metric tons per capita),EN.ATM.CO2E.PC,Costa Rica,CRI,0.95465365888952,1.66517786720402
CO2 emissions (metric tons per capita),EN.ATM.CO2E.PC,Cote d'Ivoire,CIV,0.474127416208686,0.306194949091997
CO2 emissions (metric tons per capita),EN.ATM.CO2E.PC,Croatia,HRV,..,4.62755510062631
CO2 emissions (metric tons per capita),EN.ATM.CO2E.PC,Cuba,CUB,3.16519735908302,3.39358893285036
CO2 emissions (metric tons per capita),EN.ATM.CO2E.PC,Curacao,CUW,..,..
CO2 emissions (metric tons per capita),EN.ATM.CO2E.PC,Cyprus,CYP,5.70658521727447,6.98390754608425
CO2 emissions (metric tons per capita),EN.ATM.CO2E.PC,Czech Republic,CZE,..,10.6525786177933
CO2 emissions (metric tons per capita),EN.ATM.CO2E.PC,Denmark,DNK,9.77069869920651,8.40721667045503
CO2 emissions (metric tons per capita),EN.ATM.CO2E.PC,Djibouti,DJI,0.548470653821836,0.622346840763503
CO2 emissions (metric tons per capita),EN.ATM.CO2E.PC,Dominica,DMA,0.827205053011505,1.95801424817682
CO2 emissions (metric tons per capita),EN.ATM.CO2E.PC,Dominican Republic,DOM,1.28484045566833,2.1873110915628
CO2 emissions (metric tons per capita),EN.ATM.CO2E.PC,Early-demographic dividend,EAR,1.42271082842434,2.12965307816226
CO2 emissions (metric tons per capita),EN.ATM.CO2E.PC,East Asia & Pacific,EAS,2.59527637387897,5.70179555570681
CO2 emissions (metric tons per capita),EN.ATM.CO2E.PC,East Asia & Pacific (excluding high income),EAP,1.79792420428323,5.11972635730989
CO2 emissions (metric tons per capita),EN.ATM.CO2E.PC,East Asia & Pacific (IDA & IBRD countries),TEA,1.7941013447557,5.15008334413048
CO2 emissions (metric tons per capita),EN.ATM.CO2E.PC,Ecuador,ECU,1.64687052417356,2.54939713520707
CO2 emissions (metric tons per capita),EN.ATM.CO2E.PC,"Egypt, Arab Rep.",EGY,1.34658230726865,2.47090408241519
CO2 emissions (metric tons per capita),EN.ATM.CO2E.PC,El Salvador,SLV,0.478266523637674,1.05182546230681
CO2 emissions (metric tons per capita),EN.ATM.CO2E.PC,Equatorial Guinea,GNQ,0.320675317929951,6.42106187646663
CO2 emissions (metric tons per capita),EN.ATM.CO2E.PC,Eritrea,ERI,..,0.109470529231945
CO2 emissions (metric tons per capita),EN.ATM.CO2E.PC,Estonia,EST,..,13.5996890666366
CO2 emissions (metric tons per capita),EN.ATM.CO2E.PC,Ethiopia,ETH,0.0627990739514961,0.0752146592120625
CO2 emissions (metric tons per capita),EN.ATM.CO2E.PC,Euro area,EMU,..,7.41086400732056
CO2 emissions (metric tons per capita),EN.ATM.CO2E.PC,Europe & Central Asia,ECS,..,7.53676078774849
CO2 emissions (metric tons per capita),EN.ATM.CO2E.PC,Europe & Central Asia (excluding high income),ECA,..,7.55502804247081
CO2 emissions (metric tons per capita),EN.ATM.CO2E.PC,Europe & Central Asia (IDA & IBRD countries),TEC,..,7.59018000822719
CO2 emissions (metric tons per capita),EN.ATM.CO2E.PC,European Union,EUU,8.54031138995918,7.34575230513502
CO2 emissions (metric tons per capita),EN.ATM.CO2E.PC,Faroe Islands,FRO,12.8262164019071,12.9866781971297
CO2 emissions (metric tons per capita),EN.ATM.CO2E.PC,Fiji,FJI,1.12230554495722,1.8591874895343
CO2 emissions (metric tons per capita),EN.ATM.CO2E.PC,Finland,FIN,10.3771689611267,11.5431470841369
CO2 emissions (metric tons per capita),EN.ATM.CO2E.PC,Fragile and conflict affected situations,FCS,0.760347689178481,0.839926200603966
CO2 emissions (metric tons per capita),EN.ATM.CO2E.PC,France,FRA,6.41966818615165,5.42492025529133
CO2 emissions (metric tons per capita),EN.ATM.CO2E.PC,French Polynesia,PYF,2.51404950345314,3.20100721839852
CO2 emissions (metric tons per capita),EN.ATM.CO2E.PC,Gabon,GAB,4.72493486609351,2.94180757177989
CO2 emissions (metric tons per capita),EN.ATM.CO2E.PC,"Gambia, The",GMB,0.207986160724511,0.279410774470438
CO2 emissions (metric tons per capita),EN.ATM.CO2E.PC,Georgia,GEO,..,1.41505476311768
CO2 emissions (metric tons per capita),EN.ATM.CO2E.PC,Germany,DEU,..,9.2756879599173
CO2 emissions (metric tons per capita),EN.ATM.CO2E.PC,Ghana,GHA,0.260957010608234,0.409409240186606
CO2 emissions (metric tons per capita),EN.ATM.CO2E.PC,Gibraltar,GIB,5.32974322662393,15.1538786932188
CO2 emissions (metric tons per capita),EN.ATM.CO2E.PC,Greece,GRC,7.28452164170849,7.50721122569661
CO2 emissions (metric tons per capita),EN.ATM.CO2E.PC,Greenland,GRL,9.95893884892086,11.6637729549249
CO2 emissions (metric tons per capita),EN.ATM.CO2E.PC,Grenada,GRD,1.10444924495773,2.48724170543672
CO2 emissions (metric tons per capita),EN.ATM.CO2E.PC,Guam,GUM,..,..
CO2 emissions (metric tons per capita),EN.ATM.CO2E.PC,Guatemala,GTM,0.555342348518821,0.791781180091773
CO2 emissions (metric tons per capita),EN.ATM.CO2E.PC,Guinea,GIN,0.175021817734661,0.236421541305324
CO2 emissions (metric tons per capita),EN.ATM.CO2E.PC,Guinea-Bissau,GNB,0.16317713935134,0.145854597612526
CO2 emissions (metric tons per capita),EN.ATM.CO2E.PC,Guyana,GUY,1.5731380209418,2.28286401490917
CO2 emissions (metric tons per capita),EN.ATM.CO2E.PC,Haiti,HTI,0.139971038347498,0.212694146185799
CO2 emissions (metric tons per capita),EN.ATM.CO2E.PC,Heavily indebted poor countries (HIPC),HPC,0.170401955390912,0.220510140864855
CO2 emissions (metric tons per capita),EN.ATM.CO2E.PC,High income,HIC,11.4599007146537,11.4819181154798
CO2 emissions (metric tons per capita),EN.ATM.CO2E.PC,Honduras,HND,0.528732830916251,1.0628808448968
CO2 emissions (metric tons per capita),EN.ATM.CO2E.PC,"Hong Kong SAR, China",HKG,4.79162380576738,5.80261168531648
CO2 emissions (metric tons per capita),EN.ATM.CO2E.PC,Hungary,HUN,6.71046930071637,5.02157825037002
CO2 emissions (metric tons per capita),EN.ATM.CO2E.PC,IBRD only,IBD,2.666334824713,4.20416488777054
CO2 emissions (metric tons per capita),EN.ATM.CO2E.PC,Iceland,ISL,7.84266519115004,6.16852858593703
CO2 emissions (metric tons per capita),EN.ATM.CO2E.PC,IDA & IBRD total,IBT,2.18993034128408,3.28210205859979
CO2 emissions (metric tons per capita),EN.ATM.CO2E.PC,IDA blend,IDB,0.790658830770137,1.11159394197132
CO2 emissions (metric tons per capita),EN.ATM.CO2E.PC,IDA only,IDX,0.256533381932898,0.330594588190734
CO2 emissions (metric tons per capita),EN.ATM.CO2E.PC,IDA total,IDA,0.463605019731034,0.610411041769545
CO2 emissions (metric tons per capita),EN.ATM.CO2E.PC,India,IND,0.711180050475799,1.3970045783777
CO2 emissions (metric tons per capita),EN.ATM.CO2E.PC,Indonesia,IDN,0.824341653340586,1.77457373735564
CO2 emissions (metric tons per capita),EN.ATM.CO2E.PC,"Iran, Islamic Rep.",IRN,3.7566886483474,8.15069165948865
CO2 emissions (metric tons per capita),EN.ATM.CO2E.PC,Iraq,IRQ,3.00687011523616,3.63466907449865
CO2 emissions (metric tons per capita),EN.ATM.CO2E.PC,Ireland,IRL,8.89102765131444,8.82462504015763
CO2 emissions (metric tons per capita),EN.ATM.CO2E.PC,Isle of Man,IMY,..,..
CO2 emissions (metric tons per capita),EN.ATM.CO2E.PC,Israel,ISR,7.7888339055794,9.03522325410567
CO2 emissions (metric tons per capita),EN.ATM.CO2E.PC,Italy,ITA,7.36170458207832,6.83837457020099
CO2 emissions (metric tons per capita),EN.ATM.CO2E.PC,Jamaica,JAM,3.1514719665272,2.6969407883979
CO2 emissions (metric tons per capita),EN.ATM.CO2E.PC,Japan,JPN,8.87329283534488,9.15000537206216
CO2 emissions (metric tons per capita),EN.ATM.CO2E.PC,Jordan,JOR,3.09764019326756,3.24959772393368
CO2 emissions (metric tons per capita),EN.ATM.CO2E.PC,Kazakhstan,KAZ,..,15.1100814314496
CO2 emissions (metric tons per capita),EN.ATM.CO2E.PC,Kenya,KEN,0.248363862691949,0.3018831955604
CO2 emissions (metric tons per capita),EN.ATM.CO2E.PC,Kiribati,KIR,0.303848862741849,0.607308471670174
CO2 emissions (metric tons per capita),EN.ATM.CO2E.PC,"Korea, Dem. People’s Rep.",PRK,..,2.71831340952713
CO2 emissions (metric tons per capita),EN.ATM.CO2E.PC,"Korea, Rep.",KOR,5.76037425211894,11.4695874748226
CO2 emissions (metric tons per capita),EN.ATM.CO2E.PC,Kosovo,KSV,..,..
CO2 emissions (metric tons per capita),EN.ATM.CO2E.PC,Kuwait,KWT,23.4660841681109,29.2943088564599
CO2 emissions (metric tons per capita),EN.ATM.CO2E.PC,Kyrgyz Republic,KGZ,..,1.1718730152903
CO2 emissions (metric tons per capita),EN.ATM.CO2E.PC,Lao PDR,LAO,0.050069223433374,0.261822135584384
CO2 emissions (metric tons per capita),EN.ATM.CO2E.PC,Late-demographic dividend,LTE,3.376190380491,6.08830563935055
CO2 emissions (metric tons per capita),EN.ATM.CO2E.PC,Latin America & Caribbean,LCN,2.26212254212214,2.86716942116476
CO2 emissions (metric tons per capita),EN.ATM.CO2E.PC,Latin America & Caribbean (excluding high income),LAC,2.20359600118656,2.72166516173484
CO2 emissions (metric tons per capita),EN.ATM.CO2E.PC,Latin America & the Caribbean (IDA & IBRD countries),TLA,2.21702462763831,2.82508351768643
CO2 emissions (metric tons per capita),EN.ATM.CO2E.PC,Latvia,LVA,..,3.84959345523717
CO2 emissions (metric tons per capita),EN.ATM.CO2E.PC,Least developed countries: UN classification,LDC,0.148660946690365,0.275506358474196
CO2 emissions (metric tons per capita),EN.ATM.CO2E.PC,Lebanon,LBN,3.03885396292072,4.62395703543981
CO2 emissions (metric tons per capita),EN.ATM.CO2E.PC,Lesotho,LSO,..,1.12348937076056
CO2 emissions (metric tons per capita),EN.ATM.CO2E.PC,Liberia,LBR,0.226694190863279,0.201046238115811
CO2 emissions (metric tons per capita),EN.ATM.CO2E.PC,Libya,LBY,8.36209783560866,9.7912347181806
CO2 emissions (metric tons per capita),EN.ATM.CO2E.PC,Liechtenstein,LIE,..,1.51629176314919
CO2 emissions (metric tons per capita),EN.ATM.CO2E.PC,Lithuania,LTU,..,4.34861630293916
CO2 emissions (metric tons per capita),EN.ATM.CO2E.PC,Low & middle income,LMY,2.11744653487429,3.23424423990169
CO2 emissions (metric tons per capita),EN.ATM.CO2E.PC,Low income,LIC,..,0.269410272318049
CO2 emissions (metric tons per capita),EN.ATM.CO2E.PC,Lower middle income,LMC,0.976224718208603,1.35031350708178
CO2 emissions (metric tons per capita),EN.ATM.CO2E.PC,Luxembourg,LUX,26.1976587665314,21.6351358015437
CO2 emissions (metric tons per capita),EN.ATM.CO2E.PC,"Macao SAR, China",MAC,2.87459935786065,3.71071926917135
CO2 emissions (metric tons per capita),EN.ATM.CO2E.PC,"Macedonia, FYR",MKD,..,4.1711610939066
CO2 emissions (metric tons per capita),EN.ATM.CO2E.PC,Madagascar,MDG,0.0822597377986177,0.0928947568665187
CO2 emissions (metric tons per capita),EN.ATM.CO2E.PC,Malawi,MWI,0.0650854639356922,0.0806898579157071
CO2 emissions (metric tons per capita),EN.ATM.CO2E.PC,Malaysia,MYS,3.10760032742673,7.76956179875176
CO2 emissions (metric tons per capita),EN.ATM.CO2E.PC,Maldives,MDV,0.656022935779817,2.44799727520436
CO2 emissions (metric tons per capita),EN.ATM.CO2E.PC,Mali,MLI,0.0497171977375819,0.0635856012736887
CO2 emissions (metric tons per capita),EN.ATM.CO2E.PC,Malta,MLT,6.15014823389898,6.09532988506856
CO2 emissions (metric tons per capita),EN.ATM.CO2E.PC,Marshall Islands,MHL,1.00784355179704,1.9584191653315
CO2 emissions (metric tons per capita),EN.ATM.CO2E.PC,Mauritania,MRT,0.447578527078346,0.622840674945704
CO2 emissions (metric tons per capita),EN.ATM.CO2E.PC,Mauritius,MUS,1.38191117092867,3.13208253358925
CO2 emissions (metric tons per capita),EN.ATM.CO2E.PC,Mexico,MEX,3.67122326888294,3.75292550742621
CO2 emissions (metric tons per capita),EN.ATM.CO2E.PC,"Micronesia, Fed. Sts.",FSM,..,1.16784566537025
CO2 emissions (metric tons per capita),EN.ATM.CO2E.PC,Middle East & North Africa,MEA,3.73075555692326,5.98734519054353
CO2 emissions (metric tons per capita),EN.ATM.CO2E.PC,Middle East & North Africa (excluding high income),MNA,2.46023688442393,3.95596235522391
CO2 emissions (metric tons per capita),EN.ATM.CO2E.PC,Middle East & North Africa (IDA & IBRD countries),TMN,2.48053592585277,3.99570843583544
CO2 emissions (metric tons per capita),EN.ATM.CO2E.PC,Middle income,MIC,2.26353878948957,3.55015726378824
CO2 emissions (metric tons per capita),EN.ATM.CO2E.PC,Moldova,MDA,..,1.38463017732791
CO2 emissions (metric tons per capita),EN.ATM.CO2E.PC,Monaco,MCO,..,..
CO2 emissions (metric tons per capita),EN.ATM.CO2E.PC,Mongolia,MNG,4.57337218911748,9.0909300364919
CO2 emissions (metric tons per capita),EN.ATM.CO2E.PC,Montenegro,MNE,..,4.16766436131399
CO2 emissions (metric tons per capita),EN.ATM.CO2E.PC,Morocco,MAR,0.943567904741811,1.74283277934955
CO2 emissions (metric tons per capita),EN.ATM.CO2E.PC,Mozambique,MOZ,0.0765102616510311,0.112476074110198
CO2 emissions (metric tons per capita),EN.ATM.CO2E.PC,Myanmar,MMR,0.101785191715089,0.241924262172783
CO2 emissions (metric tons per capita),EN.ATM.CO2E.PC,Namibia,NAM,0.028497711323702,1.41254297075686
CO2 emissions (metric tons per capita),EN.ATM.CO2E.PC,Nauru,NRU,13.6155946270613,4.38942643391521
CO2 emissions (metric tons per capita),EN.ATM.CO2E.PC,Nepal,NPL,0.0338491922392476,0.188153368574311
CO2 emissions (metric tons per capita),EN.ATM.CO2E.PC,Netherlands,NLD,10.5944750062034,10.932543158471
CO2 emissions (metric tons per capita),EN.ATM.CO2E.PC,New Caledonia,NCL,9.26947495304244,14.169288
CO2 emissions (metric tons per capita),EN.ATM.CO2E.PC,New Zealand,NZL,7.07123761186858,7.30416300825155
CO2 emissions (metric tons per capita),EN.ATM.CO2E.PC,Nicaragua,NIC,0.614917516052352,0.790571414927387
CO2 emissions (metric tons per capita),EN.ATM.CO2E.PC,Niger,NER,0.0926960000930246,0.0720255782135884
CO2 emissions (metric tons per capita),EN.ATM.CO2E.PC,Nigeria,NGA,0.399116593333563,0.577175348353394
CO2 emissions (metric tons per capita),EN.ATM.CO2E.PC,North America,NAC,18.9543711707986,17.1861750595
CO2 emissions (metric tons per capita),EN.ATM.CO2E.PC,Northern Mariana Islands,MNP,..,..
CO2 emissions (metric tons per capita),EN.ATM.CO2E.PC,Norway,NOR,7.42914808133872,12.2949545247412
CO2 emissions (metric tons per capita),EN.ATM.CO2E.PC,Not classified,INX,..,..
CO2 emissions (metric tons per capita),EN.ATM.CO2E.PC,OECD members,OED,10.5553981821443,10.1063007366512
CO2 emissions (metric tons per capita),EN.ATM.CO2E.PC,Oman,OMN,6.28313244036533,17.1120612606994
CO2 emissions (metric tons per capita),EN.ATM.CO2E.PC,Other small states,OSS,4.02136514432029,6.63668819636434
CO2 emissions (metric tons per capita),EN.ATM.CO2E.PC,Pacific island small states,PSS,1.03828720420729,1.26799205662484
CO2 emissions (metric tons per capita),EN.ATM.CO2E.PC,Pakistan,PAK,0.637181213501023,0.949141097772165
CO2 emissions (metric tons per capita),EN.ATM.CO2E.PC,Palau,PLW,15.5535820796607,10.5692721055203
CO2 emissions (metric tons per capita),EN.ATM.CO2E.PC,Panama,PAN,1.12042646529152,2.53109178661767
CO2 emissions (metric tons per capita),EN.ATM.CO2E.PC,Papua New Guinea,PNG,0.515050014394275,0.681184727252229
CO2 emissions (metric tons per capita),EN.ATM.CO2E.PC,Paraguay,PRY,0.513446486968821,0.820810138429473
CO2 emissions (metric tons per capita),EN.ATM.CO2E.PC,Peru,PER,0.969896124271522,1.96073398315851
CO2 emissions (metric tons per capita),EN.ATM.CO2E.PC,Philippines,PHL,0.674176857311387,0.912740629720673
CO2 emissions (metric tons per capita),EN.ATM.CO2E.PC,Poland,POL,9.66717214041947,8.31337682505654
CO2 emissions (metric tons per capita),EN.ATM.CO2E.PC,Portugal,PRT,4.23919892363364,4.55275264586545
CO2 emissions (metric tons per capita),EN.ATM.CO2E.PC,Post-demographic dividend,PST,11.6383658944743,11.030595181238
CO2 emissions (metric tons per capita),EN.ATM.CO2E.PC,Pre-demographic dividend,PRE,0.346193284968278,0.468292768485172
CO2 emissions (metric tons per capita),EN.ATM.CO2E.PC,Puerto Rico,PRI,..,..
CO2 emissions (metric tons per capita),EN.ATM.CO2E.PC,Qatar,QAT,24.712026578352,41.1311618775959
CO2 emissions (metric tons per capita),EN.ATM.CO2E.PC,Romania,ROM,6.84694870039374,3.91605567102196
CO2 emissions (metric tons per capita),EN.ATM.CO2E.PC,Russian Federation,RUS,..,11.7258200134885
CO2 emissions (metric tons per capita),EN.ATM.CO2E.PC,Rwanda,RWA,0.0747569472184954,0.0573543796677356
CO2 emissions (metric tons per capita),EN.ATM.CO2E.PC,Samoa,WSM,0.765529733214626,1.10387090184864
CO2 emissions (metric tons per capita),EN.ATM.CO2E.PC,San Marino,SMR,..,..
CO2 emissions (metric tons per capita),EN.ATM.CO2E.PC,Sao Tome and Principe,STP,0.419731454985692,0.579406601123596
CO2 emissions (metric tons per capita),EN.ATM.CO2E.PC,Saudi Arabia,SAU,13.3208306743906,18.5311734542818
CO2 emissions (metric tons per capita),EN.ATM.CO2E.PC,Senegal,SEN,0.423592075857433,0.597733188719336
CO2 emissions (metric tons per capita),EN.ATM.CO2E.PC,Serbia,SRB,..,6.29855463313399
CO2 emissions (metric tons per capita),EN.ATM.CO2E.PC,Seychelles,SYC,2.14781428571429,7.67958115183246
CO2 emissions (metric tons per capita),EN.ATM.CO2E.PC,Sierra Leone,SLE,0.124061357221495,0.125706080193189
CO2 emissions (metric tons per capita),EN.ATM.CO2E.PC,Singapore,SGP,15.4050651563503,8.65622372817789
CO2 emissions (metric tons per capita),EN.ATM.CO2E.PC,Sint Maarten (Dutch part),SXM,..,..
CO2 emissions (metric tons per capita),EN.ATM.CO2E.PC,Slovak Republic,SVK,..,6.72195956247584
CO2 emissions (metric tons per capita),EN.ATM.CO2E.PC,Slovenia,SVN,..,7.5288147953976
CO2 emissions (metric tons per capita),EN.ATM.CO2E.PC,Small states,SST,4.17607342325989,6.88165256101427
CO2 emissions (metric tons per capita),EN.ATM.CO2E.PC,Solomon Islands,SLB,0.470355845296923,0.36936430136627
CO2 emissions (metric tons per capita),EN.ATM.CO2E.PC,Somalia,SOM,0.00290036644117049,0.0639122603742921
CO2 emissions (metric tons per capita),EN.ATM.CO2E.PC,South Africa,ZAF,9.08509667613636,9.33783819396214
CO2 emissions (metric tons per capita),EN.ATM.CO2E.PC,South Asia,SAS,0.627314353504261,1.20936649581505
CO2 emissions (metric tons per capita),EN.ATM.CO2E.PC,South Asia (IDA & IBRD),TSA,0.627314353504261,1.20936649581505
CO2 emissions (metric tons per capita),EN.ATM.CO2E.PC,South Sudan,SSD,..,..
CO2 emissions (metric tons per capita),EN.ATM.CO2E.PC,Spain,ESP,5.62663465672907,5.81641636625128
CO2 emissions (metric tons per capita),EN.ATM.CO2E.PC,Sri Lanka,LKA,0.226530331420541,0.680431007058356
CO2 emissions (metric tons per capita),EN.ATM.CO2E.PC,St. Kitts and Nevis,KNA,3.05336370092817,4.97320064180929
CO2 emissions (metric tons per capita),EN.ATM.CO2E.PC,St. Lucia,LCA,1.19420321320017,2.27382650213927
CO2 emissions (metric tons per capita),EN.ATM.CO2E.PC,St. Martin (French part),MAF,..,..
CO2 emissions (metric tons per capita),EN.ATM.CO2E.PC,St. Vincent and the Grenadines,VCT,0.750392990354296,2.01269713491163
CO2 emissions (metric tons per capita),EN.ATM.CO2E.PC,Sub-Saharan Africa,SSF,0.873290510048654,0.855766974674979
CO2 emissions (metric tons per capita),EN.ATM.CO2E.PC,Sub-Saharan Africa (excluding high income),SSA,0.873121126375624,0.855064960971031
CO2 emissions (metric tons per capita),EN.ATM.CO2E.PC,Sub-Saharan Africa (IDA & IBRD countries),TSS,0.873290510048654,0.855766974674979
CO2 emissions (metric tons per capita),EN.ATM.CO2E.PC,Sudan,SDN,0.202623461089627,0.345245385884236
CO2 emissions (metric tons per capita),EN.ATM.CO2E.PC,Suriname,SUR,4.43694461589709,5.06729249374205
CO2 emissions (metric tons per capita),EN.ATM.CO2E.PC,Swaziland,SWZ,0.493054589627322,0.869767204068565
CO2 emissions (metric tons per capita),EN.ATM.CO2E.PC,Sweden,SWE,6.06936831940328,5.54734805226545
CO2 emissions (metric tons per capita),EN.ATM.CO2E.PC,Switzerland,CHE,6.34508516765421,4.98342894466888
CO2 emissions (metric tons per capita),EN.ATM.CO2E.PC,Syrian Arab Republic,SYR,3.00038380797747,2.97315686098309
CO2 emissions (metric tons per capita),EN.ATM.CO2E.PC,Tajikistan,TJK,..,0.335663418844543
CO2 emissions (metric tons per capita),EN.ATM.CO2E.PC,Tanzania,TZA,0.08901671319521,0.155681831997858
CO2 emissions (metric tons per capita),EN.ATM.CO2E.PC,Thailand,THA,1.60483190093163,4.32719260402113
CO2 emissions (metric tons per capita),EN.ATM.CO2E.PC,Timor-Leste,TMP,..,0.220073161423056
CO2 emissions (metric tons per capita),EN.ATM.CO2E.PC,Togo,TGO,0.204317098070158,0.408537767505454
CO2 emissions (metric tons per capita),EN.ATM.CO2E.PC,Tonga,TON,0.809305111821086,1.12888298844604
CO2 emissions (metric tons per capita),EN.ATM.CO2E.PC,Trinidad and Tobago,TTO,13.8798751784101,36.0737409597958
CO2 emissions (metric tons per capita),EN.ATM.CO2E.PC,Tunisia,TUN,1.6269996566271,2.62253899176077
CO2 emissions (metric tons per capita),EN.ATM.CO2E.PC,Turkey,TUR,2.70135492240382,4.12115485547753
CO2 emissions (metric tons per capita),EN.ATM.CO2E.PC,Turkmenistan,TKM,..,11.3624747743701
CO2 emissions (metric tons per capita),EN.ATM.CO2E.PC,Turks and Caicos Islands,TCA,..,6.15248604523602
CO2 emissions (metric tons per capita),EN.ATM.CO2E.PC,Tuvalu,TUV,..,..
CO2 emissions (metric tons per capita),EN.ATM.CO2E.PC,Uganda,UGA,0.0436638798911827,0.11825315057577
CO2 emissions (metric tons per capita),EN.ATM.CO2E.PC,Ukraine,UKR,..,6.6413496850931
CO2 emissions (metric tons per capita),EN.ATM.CO2E.PC,United Arab Emirates,ARE,28.7111602918754,19.3065040405414
CO2 emissions (metric tons per capita),EN.ATM.CO2E.PC,United Kingdom,GBR,9.71088167805014,7.86420459429186
CO2 emissions (metric tons per capita),EN.ATM.CO2E.PC,United States,USA,19.3233681671961,17.4848031479796
CO2 emissions (metric tons per capita),EN.ATM.CO2E.PC,Upper middle income,UMC,3.45583231125578,5.94892473181034
CO2 emissions (metric tons per capita),EN.ATM.CO2E.PC,Uruguay,URY,1.28404491722956,1.89087053337261
CO2 emissions (metric tons per capita),EN.ATM.CO2E.PC,Uzbekistan,UZB,..,3.64704888244685
CO2 emissions (metric tons per capita),EN.ATM.CO2E.PC,Vanuatu,VUT,0.450144237654553,0.512109657679465
CO2 emissions (metric tons per capita),EN.ATM.CO2E.PC,"Venezuela, RB",VEN,6.15057346558816,6.52062983723991
CO2 emissions (metric tons per capita),EN.ATM.CO2E.PC,Vietnam,VNM,0.324280765321502,1.69487890029621
CO2 emissions (metric tons per capita),EN.ATM.CO2E.PC,Virgin Islands (U.S.),VIR,..,..
CO2 emissions (metric tons per capita),EN.ATM.CO2E.PC,West Bank and Gaza,WBG,..,0.53401483350485
CO2 emissions (metric tons per capita),EN.ATM.CO2E.PC,World,WLD,4.23106083573777,4.83924144843475
CO2 emissions (metric tons per capita),EN.ATM.CO2E.PC,"Yemen, Rep.",YEM,0.802312479814773,0.993224729157868
CO2 emissions (metric tons per capita),EN.ATM.CO2E.PC,Zambia,ZMB,0.300361825938931,0.194713481409906
CO2 emissions (metric tons per capita),EN.ATM.CO2E.PC,Zimbabwe,ZWE,1.47872337888925,0.663129905709195
,,,,,
,,,,,
,,,,,
Data from database: World Development Indicators,,,,,
Last Updated: 02/01/2017,,,,,
